<?xml version='1.0' standalone='yes'?>
<contents>
  <componentFiles>license_manager_licenses_common_1517896535.enc</componentFiles>
  <componentFiles>matlab_license_common_1519261169.enc</componentFiles>
  <componentFiles>3p/flexnet_common_1517894269.enc</componentFiles>
  <definitions>license_manager_licenses_common_1517896535.xml</definitions>
  <definitions>matlab_license_common_1519261169.xml</definitions>
  <definitions>3p/flexnet_common_1517894269.xml</definitions>
  <definitions>productdata_License_Manager111412_common.xml</definitions>
</contents>
