<?xml version='1.0' standalone='yes'?>
<productData>
  <altDependencies>
  </altDependencies>
  <dependsOn>
    <component>
      <name>license_manager_licenses_common</name>
      <instrset>0</instrset>
      <locale></locale>
      <platformList>
        <platform>glnxa64</platform>
        <platform>maci64</platform>
        <platform>win64</platform>
      </platformList>
      <version>1517896535</version>
    </component>
    <component>
      <name>matlab_license_common</name>
      <instrset>0</instrset>
      <locale></locale>
      <platformList>
        <platform>glnxa64</platform>
        <platform>maci64</platform>
        <platform>win64</platform>
      </platformList>
      <version>1519261169</version>
    </component>
    <component>
      <name>3p/flexnet_common</name>
      <instrset>0</instrset>
      <locale></locale>
      <platformList>
        <platform>glnxa64</platform>
        <platform>maci64</platform>
        <platform>win64</platform>
      </platformList>
      <version>1517894269</version>
    </component>
  </dependsOn>
  <installerUsage>
    <usage>professional</usage>
  </installerUsage>
  <isControllingProduct>false</isControllingProduct>
  <licenseAgreementType></licenseAgreementType>
  <platformList>
    <platform>glnxa64</platform>
    <platform>maci64</platform>
    <platform>win64</platform>
  </platformList>
  <productBaseCode></productBaseCode>
  <productName>License Manager</productName>
  <productNumber>0</productNumber>
  <productVersion>11.14.1.2</productVersion>
  <releaseDescription>R2018a</releaseDescription>
  <releaseFamily>R2018a</releaseFamily>
  <requiredProducts>
  </requiredProducts>
</productData>
